{
  "train_SR_max_abs_diff": {
    "max": 0.1801905200313894,
    "mean": 0.0009355304077460092,
    "p99": 0.003736106770699722,
    "p50": 7.694372916589032e-12
  },
  "valid_SR_max_abs_diff": {
    "max": 0.2904846922495396,
    "mean": 0.0006819607292317404,
    "p99": 0.0006035444160472639,
    "p50": 2.940120369387955e-12
  },
  "test_SR_max_abs_diff": {
    "max": 0.1680607769464056,
    "mean": 0.0007946820533981453,
    "p99": 0.0012918938651782308,
    "p50": 3.5102476481085887e-12
  },
  "beta_max_abs_diff": {
    "max": 1.0599692989821,
    "mean": 0.0043467154092171395,
    "p99": 0.03835082416594033,
    "p50": 7.23385795708964e-11
  },
  "portsN_match_%": {
    "min": 10.0,
    "mean": 98.41373639404377
  },
  "n_files_compared": 988
}