{
  "phase": "D (full grid + SR_N)",
  "config": {
    "lambda0_n": 19,
    "lambda2_n": 13,
    "n_train_valid": 360,
    "cv_n": 3,
    "run_full_cv": true,
    "kmin": 5,
    "kmax": 50,
    "K_selected": 10,
    "characteristics": "LME_OP_Investment",
    "n_workers": 8,
    "pick_best_full_cv": false
  },
  "timing_seconds": {
    "grid_search": 0.0,
    "pick_best_lambda": 24.68,
    "pick_sr_n": 10.92,
    "sdf_regression": 0.01
  },
  "sharpe_ratios_K10_full_grid": {
    "training": 0.6097362340085826,
    "validation": 0.8299348393537422,
    "testing": 0.5998232579721243
  },
  "notes": [
    "R's ground-truth Selected_Ports_10 / train_SR_10 / valid_SR_10 / test_SR_10 / SDFTests/TimeSeriesAlpha.csv in the shared data dir were generated by main_simplified.R at the single cell (\u03bb\u2080=0.15, \u03bb\u2082=1e-8), NOT regenerated after main.R's full grid run. Comparing our full-grid outputs against those files is therefore apples-to-oranges; we compare only the 988 grid CSVs and SR_N.csv (which ARE from R's full-grid run).",
    "The sanity-check block reruns our pipeline at the single cell (0.15, 1e-8) and diffs against those stale R files \u2014 this is the Phase B/C match and should be at machine precision."
  ],
  "validation_summary": {
    "grid_search_988_files": {
      "train_SR_max_abs_diff": {
        "max": 0.1801905200313894,
        "mean": 0.0009355304077460092,
        "p99": 0.003736106770699722,
        "p50": 7.694372916589032e-12
      },
      "valid_SR_max_abs_diff": {
        "max": 0.2904846922495396,
        "mean": 0.0006819607292317404,
        "p99": 0.0006035444160472639,
        "p50": 2.940120369387955e-12
      },
      "test_SR_max_abs_diff": {
        "max": 0.1680607769464056,
        "mean": 0.0007946820533981453,
        "p99": 0.0012918938651782308,
        "p50": 3.5102476481085887e-12
      },
      "beta_max_abs_diff": {
        "max": 1.0599692989821,
        "mean": 0.0043467154092171395,
        "p99": 0.03835082416594033,
        "p50": 7.23385795708964e-11
      },
      "portsN_match_%": {
        "min": 10.0,
        "mean": 98.41373639404377
      },
      "n_files_compared": 988
    },
    "sr_n_max_abs_diff": 0.0038261915348691833,
    "sanity_single_cell": {
      "selected_ports_max_abs_diff": 2.2765123119938835e-11,
      "time_series_alpha_max_abs_diff": 5.38999955779218e-11
    }
  }
}